INSERT INTO PUBLIC."schema_version"("version_rank", "installed_rank", "version", "description", "type", "script", "checksum", "installed_by", "installed_on", "execution_time", "success") VALUES(1, 1, '201501130845', 'Metamodel', 'SQL', 'V201501130845__Metamodel.sql', -852285055, 'SA', TIMESTAMP '2015-08-14 07:59:31.26', 307, TRUE);
INSERT INTO PUBLIC.GRESTLER_DOCUMENTED_ELEMENT(ID) VALUES('00000000-7a26-11e4-a545-08002741a702');
INSERT INTO PUBLIC.GRESTLER_DOCUMENTED_ELEMENT(ID) VALUES('00000010-7a26-11e4-a545-08002741a702');
INSERT INTO PUBLIC.GRESTLER_DOCUMENTED_ELEMENT(ID) VALUES('00000020-7a26-11e4-a545-08002741a702');
INSERT INTO PUBLIC.GRESTLER_DOCUMENTED_ELEMENT(ID) VALUES('00000030-7a26-11e4-a545-08002741a702');
INSERT INTO PUBLIC.GRESTLER_DOCUMENTED_ELEMENT(ID) VALUES('eacee087-fdbe-47e9-a801-fb1fae5bdd15');
INSERT INTO PUBLIC.GRESTLER_DOCUMENTED_ELEMENT(ID) VALUES('11057f36-e592-4063-927b-6ff2ddb4d239');
INSERT INTO PUBLIC.GRESTLER_PACKAGED_ELEMENT(ID, PARENT_PACKAGE_ID, NAME) VALUES('00000000-7a26-11e4-a545-08002741a702', '00000000-7a26-11e4-a545-08002741a702', '$');
INSERT INTO PUBLIC.GRESTLER_PACKAGED_ELEMENT(ID, PARENT_PACKAGE_ID, NAME) VALUES('00000010-7a26-11e4-a545-08002741a702', '00000000-7a26-11e4-a545-08002741a702', 'Vertex');
INSERT INTO PUBLIC.GRESTLER_PACKAGED_ELEMENT(ID, PARENT_PACKAGE_ID, NAME) VALUES('00000020-7a26-11e4-a545-08002741a702', '00000000-7a26-11e4-a545-08002741a702', 'Directed Edge');
INSERT INTO PUBLIC.GRESTLER_PACKAGED_ELEMENT(ID, PARENT_PACKAGE_ID, NAME) VALUES('00000030-7a26-11e4-a545-08002741a702', '00000000-7a26-11e4-a545-08002741a702', 'Undirected Edge');
INSERT INTO PUBLIC.GRESTLER_PACKAGED_ELEMENT(ID, PARENT_PACKAGE_ID, NAME) VALUES('eacee087-fdbe-47e9-a801-fb1fae5bdd15', '00000000-7a26-11e4-a545-08002741a702', 'org');
INSERT INTO PUBLIC.GRESTLER_PACKAGED_ELEMENT(ID, PARENT_PACKAGE_ID, NAME) VALUES('11057f36-e592-4063-927b-6ff2ddb4d239', 'eacee087-fdbe-47e9-a801-fb1fae5bdd15', 'steamflake');
INSERT INTO PUBLIC.GRESTLER_PACKAGE(ID) VALUES('00000000-7a26-11e4-a545-08002741a702');
INSERT INTO PUBLIC.GRESTLER_PACKAGE(ID) VALUES('eacee087-fdbe-47e9-a801-fb1fae5bdd15');
INSERT INTO PUBLIC.GRESTLER_PACKAGE(ID) VALUES('11057f36-e592-4063-927b-6ff2ddb4d239');
INSERT INTO PUBLIC.GRESTLER_VERTEX_TYPE(ID, SUPER_TYPE_ID, IS_ABSTRACT) VALUES('00000010-7a26-11e4-a545-08002741a702', '00000010-7a26-11e4-a545-08002741a702', TRUE);
INSERT INTO PUBLIC.GRESTLER_EDGE_TYPE(ID, SUPER_TYPE_ID, IS_ABSTRACT, IS_ACYCLIC, IS_MULTI_EDGE_ALLOWED, IS_SELF_LOOP_ALLOWED) VALUES('00000020-7a26-11e4-a545-08002741a702', '00000020-7a26-11e4-a545-08002741a702', TRUE, NULL, NULL, NULL);
INSERT INTO PUBLIC.GRESTLER_EDGE_TYPE(ID, SUPER_TYPE_ID, IS_ABSTRACT, IS_ACYCLIC, IS_MULTI_EDGE_ALLOWED, IS_SELF_LOOP_ALLOWED) VALUES('00000030-7a26-11e4-a545-08002741a702', '00000030-7a26-11e4-a545-08002741a702', TRUE, NULL, NULL, NULL);
INSERT INTO PUBLIC.GRESTLER_DIRECTED_EDGE_TYPE(ID, TAIL_VERTEX_TYPE_ID, HEAD_VERTEX_TYPE_ID, TAIL_ROLE_NAME, HEAD_ROLE_NAME, MIN_TAIL_OUT_DEGREE, MAX_TAIL_OUT_DEGREE, MIN_HEAD_IN_DEGREE, MAX_HEAD_IN_DEGREE) VALUES('00000020-7a26-11e4-a545-08002741a702', '00000010-7a26-11e4-a545-08002741a702', '00000010-7a26-11e4-a545-08002741a702', NULL, NULL, NULL, NULL, NULL, NULL);
INSERT INTO PUBLIC.GRESTLER_UNDIRECTED_EDGE_TYPE(ID, VERTEX_TYPE_ID, MIN_DEGREE, MAX_DEGREE) VALUES('00000030-7a26-11e4-a545-08002741a702', '00000010-7a26-11e4-a545-08002741a702', NULL, NULL);
INSERT INTO PUBLIC.GRESTLER_COMMAND(CMD_ID, CREATION_TIMESTAMP, COMMAND_TYPE, JSON_CMD_ARGS) VALUES('534492ee-9247-43bc-8792-a8e386f443b7', TIMESTAMP '2015-08-14 07:59:59.363', 'packagecreation', '{"cmdId":"534492ee-9247-43bc-8792-a8e386f443b7","id":"eacee087-fdbe-47e9-a801-fb1fae5bdd15","parentPackageId":"00000000-7a26-11e4-a545-08002741a702","name":"package"}');
INSERT INTO PUBLIC.GRESTLER_COMMAND(CMD_ID, CREATION_TIMESTAMP, COMMAND_TYPE, JSON_CMD_ARGS) VALUES('bea32977-1cf9-4c51-8f72-fda4c6a37788', TIMESTAMP '2015-08-14 08:00:06.705', 'packagedelementnamechange', '{"cmdId":"bea32977-1cf9-4c51-8f72-fda4c6a37788","id":"eacee087-fdbe-47e9-a801-fb1fae5bdd15","name":"org"}');
INSERT INTO PUBLIC.GRESTLER_COMMAND(CMD_ID, CREATION_TIMESTAMP, COMMAND_TYPE, JSON_CMD_ARGS) VALUES('4f7a23f9-c08e-4342-b875-20fdcbaa2fcb', TIMESTAMP '2015-08-14 08:00:09.793', 'packagecreation', '{"cmdId":"4f7a23f9-c08e-4342-b875-20fdcbaa2fcb","id":"11057f36-e592-4063-927b-6ff2ddb4d239","parentPackageId":"eacee087-fdbe-47e9-a801-fb1fae5bdd15","name":"package"}');
INSERT INTO PUBLIC.GRESTLER_COMMAND(CMD_ID, CREATION_TIMESTAMP, COMMAND_TYPE, JSON_CMD_ARGS) VALUES('c0f6801b-9bee-481d-9f11-6bb38fd9a2a7', TIMESTAMP '2015-08-14 08:00:16.398', 'packagedelementnamechange', '{"cmdId":"c0f6801b-9bee-481d-9f11-6bb38fd9a2a7","id":"11057f36-e592-4063-927b-6ff2ddb4d239","name":"grestler"}');
INSERT INTO PUBLIC.GRESTLER_COMMAND(CMD_ID, CREATION_TIMESTAMP, COMMAND_TYPE, JSON_CMD_ARGS) VALUES('99c537f8-f7aa-42b0-afb8-4a53ceedc8af', TIMESTAMP '2015-08-14 08:00:28.328', 'packagedelementnamechange', '{"cmdId":"99c537f8-f7aa-42b0-afb8-4a53ceedc8af","id":"11057f36-e592-4063-927b-6ff2ddb4d239","name":"steamflake"}');
INSERT INTO PUBLIC.GRESTLER_COMMAND(CMD_ID, CREATION_TIMESTAMP, COMMAND_TYPE, JSON_CMD_ARGS) VALUES('738b63ca-3367-43b0-9eb1-1248a5f9f5d8', TIMESTAMP '2015-08-14 08:51:37.338', 'packagedelementnamechange', '{"cmdId":"738b63ca-3367-43b0-9eb1-1248a5f9f5d8","id":"11057f36-e592-4063-927b-6ff2ddb4d239","name":"steamflak"}');
INSERT INTO PUBLIC.GRESTLER_COMMAND(CMD_ID, CREATION_TIMESTAMP, COMMAND_TYPE, JSON_CMD_ARGS) VALUES('1438cdaf-e5ad-46d5-b022-434a51f67aaf', TIMESTAMP '2015-08-14 08:51:58.042', 'packagedelementnamechange', '{"cmdId":"1438cdaf-e5ad-46d5-b022-434a51f67aaf","id":"11057f36-e592-4063-927b-6ff2ddb4d239","name":"steamflake"}');
