INSERT INTO PUBLIC."schema_version"("version_rank", "installed_rank", "version", "description", "type", "script", "checksum", "installed_by", "installed_on", "execution_time", "success") VALUES(1, 1, '201501130845', 'Metamodel', 'SQL', 'V201501130845__Metamodel.sql', -852285055, 'SA', TIMESTAMP '2015-08-14 07:59:31.26', 307, TRUE);
INSERT INTO PUBLIC.GRESTLER_DOCUMENTED_ELEMENT(ID) VALUES('00000000-7a26-11e4-a545-08002741a702');
INSERT INTO PUBLIC.GRESTLER_DOCUMENTED_ELEMENT(ID) VALUES('00000010-7a26-11e4-a545-08002741a702');
INSERT INTO PUBLIC.GRESTLER_DOCUMENTED_ELEMENT(ID) VALUES('00000020-7a26-11e4-a545-08002741a702');
INSERT INTO PUBLIC.GRESTLER_DOCUMENTED_ELEMENT(ID) VALUES('00000030-7a26-11e4-a545-08002741a702');
INSERT INTO PUBLIC.GRESTLER_DOCUMENTED_ELEMENT(ID) VALUES('eacee087-fdbe-47e9-a801-fb1fae5bdd15');
INSERT INTO PUBLIC.GRESTLER_DOCUMENTED_ELEMENT(ID) VALUES('11057f36-e592-4063-927b-6ff2ddb4d239');
INSERT INTO PUBLIC.GRESTLER_DOCUMENTED_ELEMENT(ID) VALUES('38d89bd6-7900-43c4-a3d6-ca2dbdbb0bc7');
INSERT INTO PUBLIC.GRESTLER_DOCUMENTED_ELEMENT(ID) VALUES('5e4d7487-6ba2-4ca1-9830-2e5261366dc9');
INSERT INTO PUBLIC.GRESTLER_DOCUMENTED_ELEMENT(ID) VALUES('792c8c70-4091-4159-823d-64c6842f1d99');
INSERT INTO PUBLIC.GRESTLER_DOCUMENTED_ELEMENT(ID) VALUES('7f8ccc20-8e7e-4bbe-8f82-20b59635950e');
INSERT INTO PUBLIC.GRESTLER_DOCUMENTED_ELEMENT(ID) VALUES('9b83be7d-7237-4dee-b5ee-298d427721a0');
INSERT INTO PUBLIC.GRESTLER_DOCUMENTED_ELEMENT(ID) VALUES('1707f4a9-5a24-4b70-8109-41551b5791b7');
INSERT INTO PUBLIC.GRESTLER_DOCUMENTED_ELEMENT(ID) VALUES('51fde76c-dcd6-4bdf-9c1a-e1ef0cd17937');
INSERT INTO PUBLIC.GRESTLER_PACKAGED_ELEMENT(ID, PARENT_PACKAGE_ID, NAME) VALUES('00000000-7a26-11e4-a545-08002741a702', '00000000-7a26-11e4-a545-08002741a702', '$');
INSERT INTO PUBLIC.GRESTLER_PACKAGED_ELEMENT(ID, PARENT_PACKAGE_ID, NAME) VALUES('00000010-7a26-11e4-a545-08002741a702', '00000000-7a26-11e4-a545-08002741a702', 'Vertex');
INSERT INTO PUBLIC.GRESTLER_PACKAGED_ELEMENT(ID, PARENT_PACKAGE_ID, NAME) VALUES('00000020-7a26-11e4-a545-08002741a702', '00000000-7a26-11e4-a545-08002741a702', 'Directed Edge');
INSERT INTO PUBLIC.GRESTLER_PACKAGED_ELEMENT(ID, PARENT_PACKAGE_ID, NAME) VALUES('00000030-7a26-11e4-a545-08002741a702', '00000000-7a26-11e4-a545-08002741a702', 'Undirected Edge');
INSERT INTO PUBLIC.GRESTLER_PACKAGED_ELEMENT(ID, PARENT_PACKAGE_ID, NAME) VALUES('eacee087-fdbe-47e9-a801-fb1fae5bdd15', '00000000-7a26-11e4-a545-08002741a702', 'org');
INSERT INTO PUBLIC.GRESTLER_PACKAGED_ELEMENT(ID, PARENT_PACKAGE_ID, NAME) VALUES('11057f36-e592-4063-927b-6ff2ddb4d239', 'eacee087-fdbe-47e9-a801-fb1fae5bdd15', 'steamflake');
INSERT INTO PUBLIC.GRESTLER_PACKAGED_ELEMENT(ID, PARENT_PACKAGE_ID, NAME) VALUES('38d89bd6-7900-43c4-a3d6-ca2dbdbb0bc7', '11057f36-e592-4063-927b-6ff2ddb4d239', 'domain');
INSERT INTO PUBLIC.GRESTLER_PACKAGED_ELEMENT(ID, PARENT_PACKAGE_ID, NAME) VALUES('5e4d7487-6ba2-4ca1-9830-2e5261366dc9', '38d89bd6-7900-43c4-a3d6-ca2dbdbb0bc7', 'metamodel');
INSERT INTO PUBLIC.GRESTLER_PACKAGED_ELEMENT(ID, PARENT_PACKAGE_ID, NAME) VALUES('792c8c70-4091-4159-823d-64c6842f1d99', '5e4d7487-6ba2-4ca1-9830-2e5261366dc9', 'api');
INSERT INTO PUBLIC.GRESTLER_PACKAGED_ELEMENT(ID, PARENT_PACKAGE_ID, NAME) VALUES('7f8ccc20-8e7e-4bbe-8f82-20b59635950e', '792c8c70-4091-4159-823d-64c6842f1d99', 'elements');
INSERT INTO PUBLIC.GRESTLER_PACKAGED_ELEMENT(ID, PARENT_PACKAGE_ID, NAME) VALUES('9b83be7d-7237-4dee-b5ee-298d427721a0', '7f8ccc20-8e7e-4bbe-8f82-20b59635950e', 'structure');
INSERT INTO PUBLIC.GRESTLER_PACKAGED_ELEMENT(ID, PARENT_PACKAGE_ID, NAME) VALUES('1707f4a9-5a24-4b70-8109-41551b5791b7', '9b83be7d-7237-4dee-b5ee-298d427721a0', 'Namespace');
INSERT INTO PUBLIC.GRESTLER_PACKAGED_ELEMENT(ID, PARENT_PACKAGE_ID, NAME) VALUES('51fde76c-dcd6-4bdf-9c1a-e1ef0cd17937', '9b83be7d-7237-4dee-b5ee-298d427721a0', 'Namespace Containment');
INSERT INTO PUBLIC.GRESTLER_PACKAGE(ID) VALUES('00000000-7a26-11e4-a545-08002741a702');
INSERT INTO PUBLIC.GRESTLER_PACKAGE(ID) VALUES('eacee087-fdbe-47e9-a801-fb1fae5bdd15');
INSERT INTO PUBLIC.GRESTLER_PACKAGE(ID) VALUES('11057f36-e592-4063-927b-6ff2ddb4d239');
INSERT INTO PUBLIC.GRESTLER_PACKAGE(ID) VALUES('38d89bd6-7900-43c4-a3d6-ca2dbdbb0bc7');
INSERT INTO PUBLIC.GRESTLER_PACKAGE(ID) VALUES('5e4d7487-6ba2-4ca1-9830-2e5261366dc9');
INSERT INTO PUBLIC.GRESTLER_PACKAGE(ID) VALUES('792c8c70-4091-4159-823d-64c6842f1d99');
INSERT INTO PUBLIC.GRESTLER_PACKAGE(ID) VALUES('7f8ccc20-8e7e-4bbe-8f82-20b59635950e');
INSERT INTO PUBLIC.GRESTLER_PACKAGE(ID) VALUES('9b83be7d-7237-4dee-b5ee-298d427721a0');
INSERT INTO PUBLIC.GRESTLER_VERTEX_TYPE(ID, SUPER_TYPE_ID, IS_ABSTRACT) VALUES('00000010-7a26-11e4-a545-08002741a702', '00000010-7a26-11e4-a545-08002741a702', TRUE);
INSERT INTO PUBLIC.GRESTLER_VERTEX_TYPE(ID, SUPER_TYPE_ID, IS_ABSTRACT) VALUES('1707f4a9-5a24-4b70-8109-41551b5791b7', '00000010-7a26-11e4-a545-08002741a702', FALSE);
INSERT INTO PUBLIC.GRESTLER_EDGE_TYPE(ID, SUPER_TYPE_ID, IS_ABSTRACT, IS_ACYCLIC, IS_MULTI_EDGE_ALLOWED, IS_SELF_LOOP_ALLOWED) VALUES('00000020-7a26-11e4-a545-08002741a702', '00000020-7a26-11e4-a545-08002741a702', TRUE, NULL, NULL, NULL);
INSERT INTO PUBLIC.GRESTLER_EDGE_TYPE(ID, SUPER_TYPE_ID, IS_ABSTRACT, IS_ACYCLIC, IS_MULTI_EDGE_ALLOWED, IS_SELF_LOOP_ALLOWED) VALUES('00000030-7a26-11e4-a545-08002741a702', '00000030-7a26-11e4-a545-08002741a702', TRUE, NULL, NULL, NULL);
INSERT INTO PUBLIC.GRESTLER_EDGE_TYPE(ID, SUPER_TYPE_ID, IS_ABSTRACT, IS_ACYCLIC, IS_MULTI_EDGE_ALLOWED, IS_SELF_LOOP_ALLOWED) VALUES('51fde76c-dcd6-4bdf-9c1a-e1ef0cd17937', '00000020-7a26-11e4-a545-08002741a702', FALSE, FALSE, FALSE, FALSE);
INSERT INTO PUBLIC.GRESTLER_DIRECTED_EDGE_TYPE(ID, TAIL_VERTEX_TYPE_ID, HEAD_VERTEX_TYPE_ID, TAIL_ROLE_NAME, HEAD_ROLE_NAME, MIN_TAIL_OUT_DEGREE, MAX_TAIL_OUT_DEGREE, MIN_HEAD_IN_DEGREE, MAX_HEAD_IN_DEGREE) VALUES('00000020-7a26-11e4-a545-08002741a702', '00000010-7a26-11e4-a545-08002741a702', '00000010-7a26-11e4-a545-08002741a702', NULL, NULL, NULL, NULL, NULL, NULL);
INSERT INTO PUBLIC.GRESTLER_DIRECTED_EDGE_TYPE(ID, TAIL_VERTEX_TYPE_ID, HEAD_VERTEX_TYPE_ID, TAIL_ROLE_NAME, HEAD_ROLE_NAME, MIN_TAIL_OUT_DEGREE, MAX_TAIL_OUT_DEGREE, MIN_HEAD_IN_DEGREE, MAX_HEAD_IN_DEGREE) VALUES('51fde76c-dcd6-4bdf-9c1a-e1ef0cd17937', '00000010-7a26-11e4-a545-08002741a702', '00000010-7a26-11e4-a545-08002741a702', NULL, NULL, NULL, NULL, NULL, NULL);
INSERT INTO PUBLIC.GRESTLER_UNDIRECTED_EDGE_TYPE(ID, VERTEX_TYPE_ID, MIN_DEGREE, MAX_DEGREE) VALUES('00000030-7a26-11e4-a545-08002741a702', '00000010-7a26-11e4-a545-08002741a702', NULL, NULL);
INSERT INTO PUBLIC.GRESTLER_COMMAND(CMD_ID, CREATION_TIMESTAMP, COMMAND_TYPE, JSON_CMD_ARGS) VALUES('534492ee-9247-43bc-8792-a8e386f443b7', TIMESTAMP '2015-08-14 07:59:59.363', 'packagecreation', '{"cmdId":"534492ee-9247-43bc-8792-a8e386f443b7","id":"eacee087-fdbe-47e9-a801-fb1fae5bdd15","parentPackageId":"00000000-7a26-11e4-a545-08002741a702","name":"package"}');
INSERT INTO PUBLIC.GRESTLER_COMMAND(CMD_ID, CREATION_TIMESTAMP, COMMAND_TYPE, JSON_CMD_ARGS) VALUES('bea32977-1cf9-4c51-8f72-fda4c6a37788', TIMESTAMP '2015-08-14 08:00:06.705', 'packagedelementnamechange', '{"cmdId":"bea32977-1cf9-4c51-8f72-fda4c6a37788","id":"eacee087-fdbe-47e9-a801-fb1fae5bdd15","name":"org"}');
INSERT INTO PUBLIC.GRESTLER_COMMAND(CMD_ID, CREATION_TIMESTAMP, COMMAND_TYPE, JSON_CMD_ARGS) VALUES('4f7a23f9-c08e-4342-b875-20fdcbaa2fcb', TIMESTAMP '2015-08-14 08:00:09.793', 'packagecreation', '{"cmdId":"4f7a23f9-c08e-4342-b875-20fdcbaa2fcb","id":"11057f36-e592-4063-927b-6ff2ddb4d239","parentPackageId":"eacee087-fdbe-47e9-a801-fb1fae5bdd15","name":"package"}');
INSERT INTO PUBLIC.GRESTLER_COMMAND(CMD_ID, CREATION_TIMESTAMP, COMMAND_TYPE, JSON_CMD_ARGS) VALUES('c0f6801b-9bee-481d-9f11-6bb38fd9a2a7', TIMESTAMP '2015-08-14 08:00:16.398', 'packagedelementnamechange', '{"cmdId":"c0f6801b-9bee-481d-9f11-6bb38fd9a2a7","id":"11057f36-e592-4063-927b-6ff2ddb4d239","name":"grestler"}');
INSERT INTO PUBLIC.GRESTLER_COMMAND(CMD_ID, CREATION_TIMESTAMP, COMMAND_TYPE, JSON_CMD_ARGS) VALUES('99c537f8-f7aa-42b0-afb8-4a53ceedc8af', TIMESTAMP '2015-08-14 08:00:28.328', 'packagedelementnamechange', '{"cmdId":"99c537f8-f7aa-42b0-afb8-4a53ceedc8af","id":"11057f36-e592-4063-927b-6ff2ddb4d239","name":"steamflake"}');
INSERT INTO PUBLIC.GRESTLER_COMMAND(CMD_ID, CREATION_TIMESTAMP, COMMAND_TYPE, JSON_CMD_ARGS) VALUES('738b63ca-3367-43b0-9eb1-1248a5f9f5d8', TIMESTAMP '2015-08-14 08:51:37.338', 'packagedelementnamechange', '{"cmdId":"738b63ca-3367-43b0-9eb1-1248a5f9f5d8","id":"11057f36-e592-4063-927b-6ff2ddb4d239","name":"steamflak"}');
INSERT INTO PUBLIC.GRESTLER_COMMAND(CMD_ID, CREATION_TIMESTAMP, COMMAND_TYPE, JSON_CMD_ARGS) VALUES('1438cdaf-e5ad-46d5-b022-434a51f67aaf', TIMESTAMP '2015-08-14 08:51:58.042', 'packagedelementnamechange', '{"cmdId":"1438cdaf-e5ad-46d5-b022-434a51f67aaf","id":"11057f36-e592-4063-927b-6ff2ddb4d239","name":"steamflake"}');
INSERT INTO PUBLIC.GRESTLER_COMMAND(CMD_ID, CREATION_TIMESTAMP, COMMAND_TYPE, JSON_CMD_ARGS) VALUES('5fd166fa-ec78-49d2-93d0-95544d7c13e4', TIMESTAMP '2015-08-17 07:36:27.464', 'packagecreation', '{"cmdId":"5fd166fa-ec78-49d2-93d0-95544d7c13e4","id":"38d89bd6-7900-43c4-a3d6-ca2dbdbb0bc7","parentPackageId":"11057f36-e592-4063-927b-6ff2ddb4d239","name":"package"}');
INSERT INTO PUBLIC.GRESTLER_COMMAND(CMD_ID, CREATION_TIMESTAMP, COMMAND_TYPE, JSON_CMD_ARGS) VALUES('548b9d56-5222-46c8-9169-4a32238e514c', TIMESTAMP '2015-08-17 07:36:54.162', 'packagedelementnamechange', '{"cmdId":"548b9d56-5222-46c8-9169-4a32238e514c","id":"38d89bd6-7900-43c4-a3d6-ca2dbdbb0bc7","name":"domain"}');
INSERT INTO PUBLIC.GRESTLER_COMMAND(CMD_ID, CREATION_TIMESTAMP, COMMAND_TYPE, JSON_CMD_ARGS) VALUES('13a8e764-2ed9-4d1c-b34f-a48c5b69b6ea', TIMESTAMP '2015-08-17 07:36:56.417', 'packagecreation', '{"cmdId":"13a8e764-2ed9-4d1c-b34f-a48c5b69b6ea","id":"5e4d7487-6ba2-4ca1-9830-2e5261366dc9","parentPackageId":"38d89bd6-7900-43c4-a3d6-ca2dbdbb0bc7","name":"package"}');
INSERT INTO PUBLIC.GRESTLER_COMMAND(CMD_ID, CREATION_TIMESTAMP, COMMAND_TYPE, JSON_CMD_ARGS) VALUES('58fa7cc3-96e0-47d9-a622-7594cada87ad', TIMESTAMP '2015-08-17 07:37:02.182', 'packagedelementnamechange', '{"cmdId":"58fa7cc3-96e0-47d9-a622-7594cada87ad","id":"5e4d7487-6ba2-4ca1-9830-2e5261366dc9","name":"metamodel"}');
INSERT INTO PUBLIC.GRESTLER_COMMAND(CMD_ID, CREATION_TIMESTAMP, COMMAND_TYPE, JSON_CMD_ARGS) VALUES('93cdef51-4f72-4355-948a-9adad0e5bc64', TIMESTAMP '2015-08-17 07:37:04.872', 'packagecreation', '{"cmdId":"93cdef51-4f72-4355-948a-9adad0e5bc64","id":"792c8c70-4091-4159-823d-64c6842f1d99","parentPackageId":"5e4d7487-6ba2-4ca1-9830-2e5261366dc9","name":"package"}');
INSERT INTO PUBLIC.GRESTLER_COMMAND(CMD_ID, CREATION_TIMESTAMP, COMMAND_TYPE, JSON_CMD_ARGS) VALUES('1adf6cbc-3b94-4ed1-9a8b-801927c1287d', TIMESTAMP '2015-08-17 07:37:08.961', 'packagedelementnamechange', '{"cmdId":"1adf6cbc-3b94-4ed1-9a8b-801927c1287d","id":"792c8c70-4091-4159-823d-64c6842f1d99","name":"api"}');
INSERT INTO PUBLIC.GRESTLER_COMMAND(CMD_ID, CREATION_TIMESTAMP, COMMAND_TYPE, JSON_CMD_ARGS) VALUES('bda0da66-f4f9-414e-a899-de3b884933c8', TIMESTAMP '2015-08-17 07:37:12.301', 'packagecreation', '{"cmdId":"bda0da66-f4f9-414e-a899-de3b884933c8","id":"7f8ccc20-8e7e-4bbe-8f82-20b59635950e","parentPackageId":"792c8c70-4091-4159-823d-64c6842f1d99","name":"package"}');
INSERT INTO PUBLIC.GRESTLER_COMMAND(CMD_ID, CREATION_TIMESTAMP, COMMAND_TYPE, JSON_CMD_ARGS) VALUES('453b9190-c636-4f92-883a-1c315b3f8f77', TIMESTAMP '2015-08-17 07:37:16.701', 'packagedelementnamechange', '{"cmdId":"453b9190-c636-4f92-883a-1c315b3f8f77","id":"7f8ccc20-8e7e-4bbe-8f82-20b59635950e","name":"elements"}');
INSERT INTO PUBLIC.GRESTLER_COMMAND(CMD_ID, CREATION_TIMESTAMP, COMMAND_TYPE, JSON_CMD_ARGS) VALUES('a8d3e911-54e8-4a4e-833c-a474416152fe', TIMESTAMP '2015-08-17 07:37:20.157', 'packagecreation', '{"cmdId":"a8d3e911-54e8-4a4e-833c-a474416152fe","id":"9b83be7d-7237-4dee-b5ee-298d427721a0","parentPackageId":"7f8ccc20-8e7e-4bbe-8f82-20b59635950e","name":"package"}');
INSERT INTO PUBLIC.GRESTLER_COMMAND(CMD_ID, CREATION_TIMESTAMP, COMMAND_TYPE, JSON_CMD_ARGS) VALUES('bf62bd07-88a5-41ed-9f9e-b40cc959a568', TIMESTAMP '2015-08-17 07:37:25.674', 'packagedelementnamechange', '{"cmdId":"bf62bd07-88a5-41ed-9f9e-b40cc959a568","id":"9b83be7d-7237-4dee-b5ee-298d427721a0","name":"structure"}');
INSERT INTO PUBLIC.GRESTLER_COMMAND(CMD_ID, CREATION_TIMESTAMP, COMMAND_TYPE, JSON_CMD_ARGS) VALUES('603cac88-e57c-44fd-a3ee-f2245547f7bb', TIMESTAMP '2015-08-17 07:37:38.107', 'vertextypecreation', '{"cmdId":"603cac88-e57c-44fd-a3ee-f2245547f7bb","id":"1707f4a9-5a24-4b70-8109-41551b5791b7","parentPackageId":"9b83be7d-7237-4dee-b5ee-298d427721a0","name":"Vertex Type","superTypeId":"00000010-7a26-11e4-a545-08002741a702","abstractness":"CONCRETE"}');
INSERT INTO PUBLIC.GRESTLER_COMMAND(CMD_ID, CREATION_TIMESTAMP, COMMAND_TYPE, JSON_CMD_ARGS) VALUES('e74be285-0819-4708-bde9-28213dd1517c', TIMESTAMP '2015-08-17 07:37:51.849', 'packagedelementnamechange', '{"cmdId":"e74be285-0819-4708-bde9-28213dd1517c","id":"1707f4a9-5a24-4b70-8109-41551b5791b7","name":"Namespace"}');
INSERT INTO PUBLIC.GRESTLER_COMMAND(CMD_ID, CREATION_TIMESTAMP, COMMAND_TYPE, JSON_CMD_ARGS) VALUES('61e16104-42b5-4f7f-b49b-cecc3ab3905d', TIMESTAMP '2015-08-17 08:17:44.825', 'packagecreation', '{"cmdId":"61e16104-42b5-4f7f-b49b-cecc3ab3905d","id":"51fde76c-dcd6-4bdf-9c1a-e1ef0cd17937","parentPackageId":"9b83be7d-7237-4dee-b5ee-298d427721a0","name":"Edge Type","superTypeId":"00000020-7a26-11e4-a545-08002741a702","abstractness":"CONCRETE","cyclicity":"POTENTIALLY_CYCLIC","multiEdgedness":"MULTI_EDGES_NOT_ALLOWED","selfLooping":"SELF_LOOPS_NOT_ALLOWED","tailVertexTypeId":"00000010-7a26-11e4-a545-08002741a702","headVertexTypeId":"00000010-7a26-11e4-a545-08002741a702","tailRoleName":null,"headRoleName":null,"minTailOutDegree":null,"maxTailOutDegree":null,"minHeadInDegree":null,"maxHeadInDegree":null}');
INSERT INTO PUBLIC.GRESTLER_COMMAND(CMD_ID, CREATION_TIMESTAMP, COMMAND_TYPE, JSON_CMD_ARGS) VALUES('80883be4-a2e7-4538-b21d-769fdd04d473', TIMESTAMP '2015-08-17 08:18:00.295', 'packagedelementnamechange', '{"cmdId":"80883be4-a2e7-4538-b21d-769fdd04d473","id":"51fde76c-dcd6-4bdf-9c1a-e1ef0cd17937","name":"Namespace Containment"}');
